{"name":"Io","mass":8.933e22,"position":{"x":-773383791348.1567,"y":238277063839.7061,"z":16326509254.78601},"vx":-11583.413859141221,"vy":3784.2541050452996,"vz":580.6842171070703,"fx":0.0,"fy":0.0,"fz":0.0}
{"name":"Europa","mass":4.797e22,"position":{"x":-773215279972.5162,"y":238493216114.44153,"z":16340532164.76747},"vx":-12000.623006710579,"vy":-861.844528881323,"vz":500.1711924726974,"fx":0.0,"fy":0.0,"fz":0.0}
{"name":"Ganymede","mass":1.482e23,"position":{"x":-774466306059.2716,"y":238902812917.071,"z":16335717178.408129},"vx":-12189.647003258,"vy":-18991.89337947971,"vz":-237.6877938926114,"fx":0.0,"fy":0.0,"fz":0.0}
{"name":"Callisto","mass":1.076e23,"position":{"x":-774988388697.7113,"y":239534079694.8265,"z":16343786627.7834},"vx":-10242.00566544824,"vy":-17126.769791054758,"vz":-112.3669636904783,"fx":0.0,"fy":0.0,"fz":0.0}
{"name":"Charon","mass":1.53e21,"position":{"x":1276848769711.456,"y":-4768719917956.043,"z":140926730338.4769},"vx":5221.1365944674335,"vy":147.0922056270293,"vz":-1563.20029651559,"fx":0.0,"fy":0.0,"fz":0.0}
{"name":"Triton","mass":2.147e22,"position":{"x":4182246317606.988,"y":-1611893592726.48,"z":-63249591171.00489},"vx":2794.904560310723,"vy":2316.938450404958,"vz":-3424.8674950857253,"fx":0.0,"fy":0.0,"fz":0.0}
{"name":"Mimas","mass":3.75e19,"position":{"x":-555098361840.1222,"y":-1389537912751.2869,"z":46166141469.256935},"vx":-5869.98167531077,"vy":-2558.097049700602,"vz":239.4592204618217,"fx":0.0,"fy":0.0,"fz":0.0}
{"name":"Enceladus","mass":1.0805e20,"position":{"x":-555338464773.92,"y":-1389716716834.126,"z":46287120165.50004},"vx":9957.916048902773,"vy":-14799.18401945544,"vz":5442.917331124857,"fx":0.0,"fy":0.0,"fz":0.0}
{"name":"Tethys","mass":6.176e20,"position":{"x":-555173507492.3997,"y":-1389442269864.028,"z":46130605819.812546},"vx":-2555.913039713218,"vy":-5666.373484818959,"vz":1657.5553167534729,"fx":0.0,"fy":0.0,"fz":0.0}
{"name":"Dione","mass":1.09572e21,"position":{"x":-554771151524.3445,"y":-1389870632670.834,"z":46312947341.70836},"vx":13124.14868813308,"vy":4031.226146198227,"vz":-4726.832805019415,"fx":0.0,"fy":0.0,"fz":0.0}
{"name":"Rhea","mass":2.309e21,"position":{"x":-554589550150.088,"y":-1389623981334.3389,"z":46168685114.44014},"vx":6721.507334437486,"vy":3834.838066543798,"vz":-3967.626553119373,"fx":0.0,"fy":0.0,"fz":0.0}
{"name":"Titan","mass":1.34553e23,"position":{"x":-554423779634.0778,"y":-1390598122781.137,"z":46651267123.69478},"vx":13043.869876765972,"vy":-831.1055220285693,"vz":-2162.866617378204,"fx":0.0,"fy":0.0,"fz":0.0}
{"name":"Hyperion","mass":1.08e19,"position":{"x":-554684360802.6737,"y":-1391072162702.344,"z":46901163914.95323},"vx":12869.887654755481,"vy":-2258.146932718919,"vz":-1380.326865648156,"fx":0.0,"fy":0.0,"fz":0.0}
{"name":"Iapetus","mass":1.8059e21,"position":{"x":-555669315939.616,"y":-1386259478866.875,"z":45572460248.21627},"vx":5260.593890814998,"vy":-3899.491146879975,"vz":434.7753456753407,"fx":0.0,"fy":0.0,"fz":0.0}
{"name":"Phoebe","mass":8.289e18,"position":{"x":-542109055013.57605,"y":-1388416720206.089,"z":44691400440.53394},"vx":8357.344753945494,"vy":-5292.157339945588,"vz":-268.94888853155743,"fx":0.0,"fy":0.0,"fz":0.0}
{"name":"Janus","mass":1.98e18,"position":{"x":-554956950183.7953,"y":-1389676398464.01,"z":46229227082.048546},"vx":4891.870535117199,"vy":10262.81995121765,"vz":-7248.623799571481,"fx":0.0,"fy":0.0,"fz":0.0}
{"name":"Epimetheus","mass":5.5e17,"position":{"x":-555245006728.7765,"y":-1389738023812.167,"z":46288437585.36869},"vx":13586.940284802971,"vy":-17194.121075564042,"vz":6414.923484357243,"fx":0.0,"fy":0.0,"fz":0.0}
{"name":"Prometheus","mass":1.4e17,"position":{"x":-555219734677.4481,"y":-1389627483973.5168,"z":46228863075.61016},"vx":-614.3202878631424,"vy":-15478.823211427709,"vz":6821.604323758529,"fx":0.0,"fy":0.0,"fz":0.0}
{"name":"Pandora","mass":1.3e17,"position":{"x":-555080521782.9899,"y":-1389824955589.938,"z":46318881773.115524},"vx":24504.83884385336,"vy":-1853.0114717150482,"vz":-2734.889861236711,"fx":0.0,"fy":0.0,"fz":0.0}
{"name":"Ariel","mass":1.353e21,"position":{"x":2823044987146.13,"y":980635229496.8699,"z":-32875135757.75772},"vx":-469.20500534997973,"vy":6437.470810066334,"vz":5242.3555071142655,"fx":0.0,"fy":0.0,"fz":0.0}
{"name":"Umbriel","mass":1.172e21,"position":{"x":2823239640418.355,"y":980548128444.7129,"z":-33196488735.142048},"vx":-6822.802326630653,"vy":7043.444887063852,"vz":-403.51887152898007,"fx":0.0,"fy":0.0,"fz":0.0}
{"name":"Titania","mass":3.527e21,"position":{"x":2822795678768.8716,"y":980675275373.3898,"z":-32980978825.028183},"vx":-2574.474885658165,"vy":6681.7439015278305,"vz":3640.2519025046568,"fx":0.0,"fy":0.0,"fz":0.0}
{"name":"Oberon","mass":3.014e21,"position":{"x":2822649213149.9683,"y":980712500630.2449,"z":-32936537726.6255},"vx":-2208.8804291932547,"vy":6541.885255454622,"vz":3166.2811213474492,"fx":0.0,"fy":0.0,"fz":0.0}
{"name":"Miranda","mass":6.59e19,"position":{"x":2823094666387.512,"y":980610666289.7294,"z":-32910502572.85464},"vx":-1028.011596275074,"vy":6469.197409613672,"vz":6594.620137579943,"fx":0.0,"fy":0.0,"fz":0.0}
{"name":"Phobos","mass":1.08e20,"position":{"x":-246030387897.98642,"y":25647576601.026638,"z":6557224941.82772},"vx":-2263.129268512435,"vy":-20026.78867031858,"vz":-1.150225216881573,"fx":0.0,"fy":0.0,"fz":0.0}
{"name":"Deimos","mass":1.8e20,"position":{"x":-246057809806.382,"y":25634330949.04737,"z":6569317525.142594},"vx":-1107.999067613287,"vy":-23239.67203479152,"vz":-762.4054429785012,"fx":0.0,"fy":0.0,"fz":0.0}
{"name":"Moon","mass":7.349e22,"position":{"x":-24789921029.36007,"y":145205408335.4002,"z":-28121594.92138773},"vx":-29921.32173335548,"vy":-6104.0279322394235,"vz":84.99978937658082,"fx":0.0,"fy":0.0,"fz":0.0}
