{"name":"Ariel","mass":1.353e21,"position":{"x":422321518967369960000.0,"y":146700942266137580000.0,"z":-4918050308333986000.0},"vx":-812408.2143766095,"vy":11146202.845825552,"vz":9076912.28375825,"fx":0.0,"fy":0.0,"fz":0.0}
{"name":"Callisto","mass":1.076e23,"position":{"x":-115936612766401560000.0,"y":35833788282430154000.0,"z":2444995678691529900.0},"vx":-17733590.732041588,"vy":-29654262.64711662,"vz":-194558.54751296028,"fx":0.0,"fy":0.0,"fz":0.0}
{"name":"Charon","mass":1.53e21,"position":{"x":191013857154748480000.0,"y":-713390345690902800000.0,"z":21082338783349237000.0},"vx":9040172.652386314,"vy":254683.80507372847,"vz":-2706613.84069839,"fx":0.0,"fy":0.0,"fz":0.0}
{"name":"Deimos","mass":180000000000000000000.0,"position":{"x":-36809724416140326000.0,"y":3834841326796597000.0,"z":982755913713525800.0},"vx":-1918452.5607932066,"vy":-40238489.029758658,"vz":-1320072.116662894,"fx":0.0,"fy":0.0,"fz":0.0}
{"name":"Dione","mass":1.09572e21,"position":{"x":-82992582906593360000.0,"y":-207921687129593400000.0,"z":6928318147559354000.0},"vx":22723842.357640376,"vy":6979929.459750957,"vz":-8184306.366973598,"fx":0.0,"fy":0.0,"fz":0.0}
{"name":"Earth","mass":5.97219e24,"position":{"x":-3648374732497502900.0,"y":21718707850160220000.0,"z":-4376018795091295.0},"vx":-51666046.868384908,"vy":-8901295.4804452,"vz":-1329.2154797659383,"fx":0.0,"fy":0.0,"fz":0.0}
{"name":"Enceladus","mass":108050000000000000000.0,"position":{"x":-83077451808779370000.0,"y":-207898661671081640000.0,"z":6924454957486337000.0},"vx":17241744.022881729,"vy":-25624123.90149014,"vz":9424218.107762346,"fx":0.0,"fy":0.0,"fz":0.0}
{"name":"Epimetheus","mass":550000000000000000.0,"position":{"x":-83063470529558940000.0,"y":-207901851170861400000.0,"z":6924652219175511000.0},"vx":23526177.787782354,"vy":-29770603.204020584,"vz":11105816.121865442,"fx":0.0,"fy":0.0,"fz":0.0}
{"name":"Europa","mass":4.797e22,"position":{"x":-115671359476592770000.0,"y":35678077307115378000.0,"z":2444508817954075000.0},"vx":-20778560.750895077,"vy":-1492246.6017950297,"vz":866024.8307800393,"fx":0.0,"fy":0.0,"fz":0.0}
{"name":"Ganymede","mass":1.482e23,"position":{"x":-115858510315361530000.0,"y":35739352116634280000.0,"z":2443788506247268600.0},"vx":-21105847.642037419,"vy":-32883643.635782314,"vz":-411546.15576059187,"fx":0.0,"fy":0.0,"fz":0.0}
{"name":"Hyperion","mass":10800000000000000000.0,"position":{"x":-82979603514529120000.0,"y":-208101433762584000000.0,"z":7016315031725813000.0},"vx":22283724.80227594,"vy":-3909981.5953148307,"vz":-2389923.5041754555,"fx":0.0,"fy":0.0,"fz":0.0}
{"name":"Iapetus","mass":1.8059000000000002e21,"position":{"x":-83126948688187870000.0,"y":-207381466497124140000.0,"z":6817544157910517000.0},"vx":9108494.394966573,"vy":-6751825.129183946,"vz":752802.0059914305,"fx":0.0,"fy":0.0,"fz":0.0}
{"name":"Io","mass":8.933e22,"position":{"x":-115696568419577320000.0,"y":35645741387068000000.0,"z":2442411020479831000.0},"vx":-20056181.11995829,"vy":6552272.642390174,"vz":1005429.6577351183,"fx":0.0,"fy":0.0,"fz":0.0}
{"name":"Janus","mass":1980000000000000000.0,"position":{"x":-83020379328017400000.0,"y":-207892629128159070000.0,"z":6915793998488216000.0},"vx":8469532.351209328,"vy":17770937.30273888,"vz":-12550662.264464016,"fx":0.0,"fy":0.0,"fz":0.0}
{"name":"Jupiter","mass":1.89813e27,"position":{"x":-115753158088829400000.0,"y":35618455592925190000.0,"z":2440606675773247700.0},"vx":-6914526.177944875,"vy":-20556501.840381858,"vz":240222.64397916778,"fx":0.0,"fy":0.0,"fz":0.0}
{"name":"Mars","mass":6.4185e23,"position":{"x":-36806796733866650000.0,"y":3836322874693579000.0,"z":981509775123046200.0},"vx":-2736540.990891504,"vy":-38127335.26195497,"vz":-732252.7300755804,"fx":0.0,"fy":0.0,"fz":0.0}
{"name":"Mercury","mass":3.302e23,"position":{"x":6359264894482077000.0,"y":3711081980659037900.0,"z":-278691306376166600.0},"vx":-59146580.039324458,"vy":76479990.60769333,"vz":11674034.709433336,"fx":0.0,"fy":0.0,"fz":0.0}
{"name":"Mimas","mass":37500000000000000000.0,"position":{"x":-83041532948787610000.0,"y":-207871911161647300000.0,"z":6906356925684435000.0},"vx":-10162400.371040242,"vy":-4429801.430128849,"vz":413580.50428200999,"fx":0.0,"fy":0.0,"fz":0.0}
{"name":"Miranda","mass":65900000000000000000.0,"position":{"x":422328950876098660000.0,"y":146697267662651790000.0,"z":-4923341108565926000.0},"vx":-1779957.7066858696,"vy":11201136.083520383,"vz":11418300.123348386,"fx":0.0,"fy":0.0,"fz":0.0}
{"name":"Moon","mass":7.349e22,"position":{"x":-3708519400813419000.0,"y":21722419901099900000.0,"z":-4206930720927538.0},"vx":-51807477.08147701,"vy":-10568860.895328029,"vz":147173.46644311309,"fx":0.0,"fy":0.0,"fz":0.0}
{"name":"Neptune","mass":1.0241e26,"position":{"x":625610303163110500000.0,"y":-241162239692125000000.0,"z":-9451543791878702000.0},"vx":3322042.3027953219,"vy":8838000.233898567,"vz":-257363.67096659318,"fx":0.0,"fy":0.0,"fz":0.0}
{"name":"Oberon","mass":3.014e21,"position":{"x":422262312020265660000.0,"y":146712501863157040000.0,"z":-4927235912133393000.0},"vx":-3824581.1208126514,"vy":11326991.951154363,"vz":5482279.094805402,"fx":0.0,"fy":0.0,"fz":0.0}
{"name":"Pandora","mass":130000000000000000.0,"position":{"x":-83038863983676800000.0,"y":-207914853143006770000.0,"z":6929205446386863000.0},"vx":42430230.58288775,"vy":-3207410.883745326,"vz":-4736061.206064175,"fx":0.0,"fy":0.0,"fz":0.0}
{"name":"Phobos","mass":108000000000000000000.0,"position":{"x":-36805622157033818000.0,"y":3836822848128728800.0,"z":980946888998358300.0},"vx":-3918510.6445406118,"vy":-34675520.16248315,"vz":-1991.5653156357524,"fx":0.0,"fy":0.0,"fz":0.0}
{"name":"Phoebe","mass":8289000000000000000.0,"position":{"x":-81098358958542490000.0,"y":-207704185596962830000.0,"z":6685738264544910000.0},"vx":14470382.501998999,"vy":-9163140.095740155,"vz":-465672.62370210819,"fx":0.0,"fy":0.0,"fz":0.0}
{"name":"Pluto","mass":1.307e22,"position":{"x":191013219196886450000.0,"y":-713389362743409500000.0,"z":21085026014236997000.0},"vx":9311361.037310884,"vy":527549.2568537117,"vz":-2741980.8770975999,"fx":0.0,"fy":0.0,"fz":0.0}
{"name":"Prometheus","mass":140000000000000000.0,"position":{"x":-83059687430880260000.0,"y":-207885308014712720000.0,"z":6915736783717634000.0},"vx":-1069391.1014388833,"vy":-26796214.99440506,"vz":11809654.136918918,"fx":0.0,"fy":0.0,"fz":0.0}
{"name":"Rhea","mass":2.309e21,"position":{"x":-82965415772762470000.0,"y":-207884788808407600000.0,"z":6906737172862947000.0},"vx":11638021.595657634,"vy":6639830.223353528,"vz":-6869836.854371014,"fx":0.0,"fy":0.0,"fz":0.0}
{"name":"Saturn","mass":5.68319e26,"position":{"x":-83042304812855310000.0,"y":-207896132027449870000.0,"z":6919727743505784000.0},"vx":14614222.727905432,"vy":-6255555.087337935,"vz":-472145.5887094004,"fx":0.0,"fy":0.0,"fz":0.0}
{"name":"Sun","mass":1.988544e30,"position":{"x":83652009464122320.0,"y":31384988931496245.0,"z":-3609146314106223.7},"vx":2584.028509339008,"vy":20672.63758294443,"vz":-83.76476694542048,"fx":0.0,"fy":0.0,"fz":0.0}
{"name":"Tethys","mass":617600000000000000000.0,"position":{"x":-83052773751715970000.0,"y":-207857605045959560000.0,"z":6901040841006473000.0},"vx":-4425677.488055168,"vy":-9810961.099863774,"vz":2869742.331538886,"fx":0.0,"fy":0.0,"fz":0.0}
{"name":"Titan","mass":1.34553e23,"position":{"x":-82940616869998480000.0,"y":-208030518134075160000.0,"z":6978930396726449000.0},"vx":22584897.119400816,"vy":-1439023.2683264258,"vz":-3744910.918340332,"fx":0.0,"fy":0.0,"fz":0.0}
{"name":"Titania","mass":3.5270000000000005e21,"position":{"x":422284222964984450000.0,"y":146706933043995250000.0,"z":-4933884205826004000.0},"vx":-4457592.141957031,"vy":11569151.16008419,"vz":6302939.044286119,"fx":0.0,"fy":0.0,"fz":0.0}
{"name":"Triton","mass":2.147e22,"position":{"x":625655143856921400000.0,"y":-241135849266854430000.0,"z":-9462004161827853000.0},"vx":4839256.609169027,"vy":4011678.9204113346,"vz":-5930010.239519296,"fx":0.0,"fy":0.0,"fz":0.0}
{"name":"Umbriel","mass":1.172e21,